question,answer
What makes a strong LinkedIn headline?,"A strong LinkedIn headline clearly states your role, key skills, or goals. Example: 'AI Engineer | Flutter Developer | Passionate about building smart mobile apps.'"
How can I improve my LinkedIn About section?,"Focus on what makes you unique. Use 3 paragraphs: who you are, what you do, and what you aim for. Keep it conversational and add measurable achievements."
What should I include in my LinkedIn About section as a student?,"Include your major, university, interests, and any projects or internships. Example: 'AI student passionate about ML and Flutter, with hands-on experience in mobile app development.'"
How do I make my LinkedIn profile stand out?,"Use a professional photo, custom banner, keyword-rich headline, detailed experience, and regular posts about your field."
What is the best format for a CV?,"Use a clean layout with sections: Contact Info, Summary, Skills, Experience, Education, and Projects. Keep it one page if possible."
How can I improve my LinkedIn engagement?,"Post consistently, comment thoughtfully on others’ posts, and share projects or insights. Use 3–5 relevant hashtags."
How should I describe my projects on LinkedIn?,"Use the STAR method: Situation, Task, Action, Result. Focus on what technologies you used and what impact it made."
What is the ideal LinkedIn banner?,"A banner that reflects your field — e.g., AI-themed for tech roles, or coding background for developers. Avoid random images."
What should a LinkedIn headline look like for AI students?,Example: 'AI Student | Machine Learning Enthusiast | Passionate about Computer Vision & Flutter Apps.'
How do I add certificates effectively on LinkedIn?,"Include official names, issuing organization, and date. Attach the credential URL if available."
What skills are best to add for AI roles?,"Python, Machine Learning, Deep Learning, TensorFlow, NLP, Computer Vision, and Data Analysis."
How can I write a professional summary for my CV?,"2–3 lines summarizing your experience, skills, and goals. Example: 'AI student skilled in Flutter and ML, seeking opportunities in mobile AI applications.'"
What makes a LinkedIn profile professional?,"Proper grammar, formal tone, updated experience, and consistent formatting across all sections."
How to get more LinkedIn connections?,"Engage with people in your field, send personalized connection requests, and join professional groups."
How can I show leadership on LinkedIn?,Mention leading teams or projects in your experience. Share insights about collaboration or mentoring others.
What are common LinkedIn mistakes?,"Using selfies as profile photos, leaving sections empty, or using vague headlines like 'Student at Delta University'."
How should I list university projects?,"Add them under the 'Projects' section. Include title, short description, tech used, and role."
How do I show I’m open to work on LinkedIn?,Activate 'Open to Work' in your profile settings and specify preferred job roles and locations.
How can I make recruiters notice me?,"Use keywords in your headline, fill all sections, and engage with posts in your target industry."
What should I post about on LinkedIn as a student?,"Share your learning journey, completed projects, hackathon experiences, or insights from courses."
How to write a CV for an internship?,"Highlight education, relevant skills, and any projects. Keep it short and achievement-focused."
How to format experience in LinkedIn?,"Add company name, title, duration, and achievements using action verbs (e.g., developed, implemented, designed)."
How to describe teamwork in LinkedIn experience?,"Mention your contribution, collaboration methods, and impact on the project or team goals."
How do I make my LinkedIn URL professional?,"Edit your public profile URL to include your name only, e.g., linkedin.com/in/omnia-ayman."
What is a good first LinkedIn post?,"Introduce yourself, your field of study, and your interests. Be authentic and keep it short."
How to prepare for interviews?,"Research the company, review your CV, and prepare examples using the STAR method (Situation, Task, Action, Result)."
How can I show technical skills on LinkedIn?,"Add a 'Skills' section, link them to projects, and get endorsements from peers."
How can I use LinkedIn for job hunting?,"Set job alerts, follow companies, and apply via LinkedIn Easy Apply. Network with recruiters directly."
How to list freelance work on LinkedIn?,Add it as 'Self-employed' in Experience. Include what services you offered and notable clients or projects.
How can I show certifications attractively?,"Use visuals, add certificates as media attachments, or post a short reflection on what you learned."
How to highlight AI projects?,"Include problem statement, model used, dataset size, accuracy achieved, and deployment details."
What’s a good About section for a Flutter developer?,Example: 'Flutter developer skilled in Dart and Firebase. Built hybrid apps with elegant UI and strong performance.'
What makes a CV stand out?,"Tailor it to the job, use action verbs, and include measurable achievements (e.g., 'Increased app efficiency by 30%')."
What are strong action verbs for a CV?,"Developed, Designed, Implemented, Led, Built, Trained, Automated, Deployed, Improved."
What are key tips for students building LinkedIn?,"Keep it updated, add all projects, get endorsements, and write short posts about learning progress."
How to ask for recommendations on LinkedIn?,Message past mentors or colleagues and politely request a recommendation mentioning your collaboration.
What are signs of a weak LinkedIn profile?,"No photo, few connections, missing About or Skills sections, and zero posts or activity."
How can I use LinkedIn to learn?,"Follow experts, join learning groups, and take LinkedIn Learning courses with certificates."
What are trending LinkedIn hashtags for AI?,"#ArtificialIntelligence, #MachineLearning, #DataScience, #AICommunity, #Tech."
What should I include in the CV projects section?,"Project name, description, technologies used, and outcomes or results achieved."
How to show soft skills on LinkedIn?,"Add them in Skills, and reflect them in your About section through examples of teamwork or communication."
How to improve English writing on LinkedIn?,"Use Grammarly, read other professionals’ profiles, and write short, clear sentences."
How to add GitHub projects to LinkedIn?,Include the GitHub link in your Featured or Projects section with a short project summary.
How to handle rejections professionally?,"Thank the recruiter, ask for feedback, and improve your profile or interview skills accordingly."
How can I attract internship offers on LinkedIn?,"Engage with company posts, share your projects, and mention 'looking for internship' in your headline."
What should I avoid in a CV?,"Typos, long paragraphs, irrelevant info, or outdated experiences."
How to write a professional email to recruiters?,"Start with greeting, introduce yourself briefly, mention your interest, and attach your CV politely."
